District,Division
Barguna District,Barisal
Barisal District,Barisal
Bhola District,Barisal
Jhalokati District,Barisal
Patuakhali District,Barisal
Pirojpur District,Barisal
Bandarban District,Chittagong
Brahmanbaria District,Chittagong
Chandpur District,Chittagong
Chittagong District,Chittagong
Comilla District,Chittagong
Cox's Bazar District,Chittagong
Feni District,Chittagong
Khagrachhari District,Chittagong
Lakshmipur District,Chittagong
Noakhali District,Chittagong
Rangamati District,Chittagong
Dhaka District,Dhaka
Faridpur District,Dhaka
Gazipur District,Dhaka
Gopalganj District,Dhaka
Jamalpur District,Dhaka
Kishoreganj District,Dhaka
Madaripur District,Dhaka
Manikganj District,Dhaka
Munshiganj District,Dhaka
Mymensingh District,Dhaka
Narayanganj District,Dhaka
Narsingdi District,Dhaka
Netrakona District,Dhaka
Rajbari District,Dhaka
Shariatpur District,Dhaka
Sherpur District,Dhaka
Tangail District,Dhaka
Bagerhat District,Khulna
Chuadanga District,Khulna
Jessore District,Khulna
Jhenaidah District,Khulna
Khulna District,Khulna
Kushtia District,Khulna
Magura District,Khulna
Meherpur District,Khulna
Narail District,Khulna
Satkhira District,Khulna
Bogra District,Rajshahi
Joypurhat District,Rajshahi
Naogaon District,Rajshahi
Natore District,Rajshahi
Nawabganj District,Rajshahi
Pabna District,Rajshahi
Rajshahi District,Rajshahi
Sirajganj District,Rajshahi
Dinajpur District,Rangpur
Gaibandha District,Rangpur
Kurigram District,Rangpur
Lalmonirhat District,Rangpur
Nilphamari District,Rangpur
Panchagarh District,Rangpur
Rangpur District,Rangpur
Thakurgaon District,Rangpur
Habiganj District,Sylhet
Moulvibazar District,Sylhet
Sunamganj District,Sylhet
Sylhet District,Sylhet
